<?xml version="1.0" encoding="UTF-8"?>
<!DOCTYPE suite SYSTEM "http://testng.org/testng-1.0.dtd">
<suite name="Suite">
  <test name="Test">
    <classes>
      <class name="Customerlogon.Custlogon"/>
      <class name="Continuous_authority_Request.continuous_authority"/>
    </classes>
  </test> <!-- Test -->
  
  <test name="Test1">
    <classes>
      <class name="Customerlogon.Custlogon"/>
      <class name="Continuous_authority_Request.continuous_authority"/>
    </classes>
  </test> <!-- Test1 -->
</suite> <!-- Suite -->


